date,close,high,low,volume
2024-09-12,118.82117462158203,120.46676065848584,115.07123444451854,366052700
2024-09-13,118.78128051757812,119.6389797203674,117.28529459768677,238358300
2024-09-16,116.46749114990234,117.8637462195167,114.05396898625607,248772300
2024-09-17,115.28067016601562,118.48208669803358,114.52270945275087,231925900
2024-09-18,113.06661987304688,117.38502682895009,112.91701975753097,310318900
2024-09-19,117.55457305908203,119.3397837869768,116.93622949013678,293506400
2024-09-20,115.6895751953125,118.30256661567998,115.08120699289479,382462400
2024-09-23,115.94888305664062,116.67692526968904,114.55262802291854,206228500
2024-09-24,120.54654693603516,121.47405850127808,115.07123304654733,354966800
2024-09-25,123.17948150634766,124.60565503965537,121.28456450552947,284692900
2024-09-26,123.70805358886719,127.32833649308198,121.47405025345233,302582900
2024-09-27,121.07512664794922,123.6980858451405,118.94085404604166,271009200
2024-09-30,121.11502838134766,121.1748653861715,117.83383152489164,226553700
2024-10-01,116.6868896484375,122.11233379004094,115.4801287113044,302094500
2024-10-02,118.53195190429688,119.06053238913914,114.831880901423,221845900
2024-10-03,122.52124786376953,124.0272091849403,120.01796257527629,277118000
2024-10-04,124.58570861816406,124.70539023390367,121.50398120040512,243678100
2024-10-07,127.37821960449219,130.29040379219748,124.61562792620683,346250200
2024-10-08,132.5343780517578,133.1227955252644,129.07366275536995,285722500
2024-10-09,132.29502868652344,134.16003500176663,131.02843810434518,246191600
2024-10-10,134.44923400878906,134.63872798675436,130.64943234270237,242311300
2024-10-11,134.43927001953125,135.4166432187145,133.30232133780012,170209500
2024-10-14,137.7005157470703,139.22642006970023,135.9352482142016,232347700
2024-10-15,131.2478485107422,138.19919822128062,128.3955011745818,377831000
2024-10-16,135.3568115234375,136.25439701653355,131.22789086287455,264879700
2024-10-17,136.56356811523438,140.512977854023,136.50373111006368,306435900
2024-10-18,137.63072204589844,138.5283076242321,136.91264749604844,176090200
2024-10-21,143.325439453125,143.325439453125,137.63071268872676,264554500
2024-10-22,143.20574951171875,144.0335302578968,141.400595506541,226311600
2024-10-23,139.1865234375,142.04883820987033,137.09215234233463,285930000
2024-10-24,140.0342559814453,140.9717429059513,138.08947737101022,172354900
2024-10-25,141.16123962402344,143.74432048434818,140.42322956503693,205122100
2024-10-28,140.14395141601562,142.75693502866474,139.67520798990546,173586700
2024-10-29,140.87200927734375,141.8793009979601,138.52829188537018,157593600
2024-10-30,138.96713256835938,139.9544888783044,136.44390388312416,179418100
2024-10-31,132.40472412109375,137.24175143875112,131.756469630996,270039600
2024-11-01,135.03765869140625,136.94255111570317,134.2098931927627,207127800
2024-11-04,135.6859130859375,138.58812914709054,135.2072018980832,187528200
2024-11-05,139.5355987548828,139.99435925396384,136.9625011145287,160537400
2024-11-06,145.22035217285156,146.09800218631347,141.58012556166827,242043900
2024-11-07,148.48159790039062,148.53145192465237,145.77884323892675,207323300
2024-11-08,147.2349395751953,149.369212218998,145.8685954157921,175665800
2024-11-11,144.87127685546875,148.45168153400843,143.18581210072784,182325600
2024-11-12,147.8931427001953,149.2495037052901,145.61924560605905,198634700
2024-11-13,145.87857055664062,148.93037924410717,145.5095503668412,191903300
2024-11-14,146.3672637939453,148.60127501764129,145.16051028397845,194463300
2024-11-15,141.6000213623047,144.85130651757171,139.70511232986095,250132900
2024-11-18,139.77493286132812,141.1711953957962,136.7829612819808,221205300
2024-11-19,146.61660766601562,146.7362969039442,140.61272765546158,227834900
2024-11-20,145.4995880126953,147.16511715506326,142.34804073132528,309871700
2024-11-21,146.27749633789062,152.48085228758558,140.3234713661803,400946600
2024-11-22,141.57015991210938,146.76622542449033,140.7224435162038,236406200
2024-11-25,135.656005859375,141.66986796819967,135.45654411602544,344941900
2024-11-26,136.55360412597656,138.9272401830298,135.30694909062626,190287700
2024-11-27,134.97781372070312,136.85278753282546,131.44729379106425,226370900
2024-11-29,137.88003540039062,138.97709782710584,135.68592576491588,141863200
2024-12-02,138.25901794433594,140.07413953973298,137.45118801543165,171682800
2024-12-03,139.88465881347656,140.16390831614373,137.58084280749418,164414000
2024-12-04,144.7515869140625,145.39984134699782,139.91456002292938,231224300
2024-12-05,144.68177795410156,146.1579148411047,143.57467148409813,172621200
2024-12-06,142.06861877441406,145.3201135010368,140.94156015213164,188505600
2024-12-09,138.44808959960938,139.58511676204358,136.7724770313931,189308600
2024-12-10,134.71783447265625,141.4502349567079,133.44115786086326,210020900
2024-12-11,138.94676208496094,139.8045203384501,134.85746151474785,184905200
2024-12-12,136.98191833496094,138.0790564611993,135.445940177233,159211400
2024-12-13,133.89996337890625,139.2360201486468,132.19441524956173,231514900
2024-12-16,131.6558380126953,134.04957443441504,130.07995570111123,237951100
2024-12-17,130.05003356933594,131.24690176576593,126.5292385551769,259410300
2024-12-18,128.57391357421875,136.34359703602587,127.94555122022808,277444500
2024-12-19,130.33924865722656,133.6805197239663,129.21220544602065,209719200
2024-12-20,134.34878540039062,134.92727495716574,127.88568536239204,306528600
2024-12-23,139.30584716796875,139.42552943098136,134.76770699433413,176053500
2024-12-24,139.8544158935547,141.53002844762267,138.28850193430708,105157000
2024-12-26,139.56517028808594,140.4827850771225,137.37090912331828,116205600
2024-12-27,136.6527557373047,138.65752461945982,134.35876491420703,170582600
2024-12-30,137.13150024414062,139.90425017541338,133.67054705312722,167734700
2024-12-31,133.93984985351562,137.71000800391963,133.48105776544256,155659200
2025-01-02,137.94935607910156,138.51787711680194,134.27895893528864,198247200
2025-01-03,144.09332275390625,144.52219430432945,139.36567593719187,229322500
2025-01-06,149.04037475585938,151.7632676182901,147.43458721714921,265377400
2025-01-07,139.77459716796875,152.73073241075815,139.6449312609891,351782200
2025-01-08,139.74468994140625,143.57467420574872,137.20133554653654,227349900
2025-01-10,135.55564880371094,139.55518814906236,133.87005266470834,207602500
2025-01-13,132.8826141357422,133.1419459563911,129.17231238202828,204808900
2025-01-14,131.41644287109375,136.02440701006375,129.71091005586072,195590500
2025-01-15,135.8848114013672,136.09425538344792,130.94770447192965,185217300
2025-01-16,133.22174072265625,138.38822723428095,133.14194748607855,209235600
2025-01-17,137.3509521484375,138.13888566634566,135.10681862678206,201188800
2025-01-21,140.46279907226562,141.46019165371834,136.7325453387914,197749000
2025-01-22,146.68653869628906,147.4046473751733,143.29539468537405,237651400
2025-01-23,146.83615112304688,146.8461195709751,143.34527675360425,155915500
2025-01-24,142.24813842773438,148.58158800111045,141.51007758845265,234657600
2025-01-27,118.11123657226562,128.06521102414737,116.39571998533557,818830900
2025-01-28,128.65367126464844,128.6636397113665,115.94688462361518,579666400
2025-01-29,123.37747955322266,126.55916484585856,119.73700212037913,467120600
2025-01-30,124.32500457763672,124.67409050916186,117.7920791911556,392925500
2025-01-31,119.75694274902344,127.5166568388694,118.87923990097873,388161100
2025-02-03,116.3558349609375,118.26085104341853,112.71535011762803,371235700
2025-02-04,118.34062957763672,120.88397605738155,116.39570950659508,256550000
2025-02-05,124.5045166015625,124.6740715125392,120.44512913749428,262230800
2025-02-06,128.34449768066406,128.4342745987464,124.8835510706209,251483600
2025-02-07,129.50144958496094,130.03006643749526,124.67407312607986,228186300
2025-02-10,133.22174072265625,134.64800487659767,129.621152724233,216989100
2025-02-11,132.45375061035156,134.12936300336048,130.67839286199495,178902400
2025-02-12,130.798095703125,131.89523390864048,128.74346889916592,160278600
2025-02-13,134.937255859375,136.14410776005724,130.8280026783839,197430000
2025-02-14,138.4879913330078,138.88694235090182,135.14671948687393,195479600
2025-02-18,139.0365447998047,143.06602007700403,137.57037622357197,219176600
2025-02-19,138.86697387695312,140.99142508356047,136.86222013681927,167536000
2025-02-20,139.74468994140625,140.29325896288867,136.43333891646114,143903600
2025-02-21,134.07949829101562,141.09118323158302,133.68054728393315,228217600
2025-02-24,129.94033813476562,138.22867021014434,129.74086261032588,251381100
2025-02-25,126.2998275756836,129.86051900489684,124.11554286315072,271428700
2025-02-26,130.9376983642578,133.38130717279842,128.15497972672858,322553800
2025-02-27,119.83673095703125,134.6579790491402,119.69709659183455,443175800
2025-02-28,124.59429168701172,124.76384661623277,116.09650940652436,389091100
2025-03-03,113.76261138916016,123.3774766164976,111.9872535622559,411381400
2025-03-04,115.68757629394531,118.9989197292815,109.82291000037466,398163300
2025-03-05,116.99415588378906,117.971596377653,114.2114295961939,284337900
2025-03-06,110.28170776367188,115.04924353236196,109.93262184934352,321181900
2025-03-07,112.39618682861328,113.18412798197828,107.27955736061682,341755500
2025-03-10,106.70108032226562,111.55837817104519,105.18503907271625,366487400
2025-03-11,108.47642517089844,111.94734728122161,104.49682307629253,354865700
2025-03-12,115.4488525390625,116.46629097878981,112.59604629385464,323857500
2025-03-13,115.28925323486328,117.46376961532557,113.50375517662202,299033100
2025-03-14,121.36392211914062,121.57339292473429,117.85278046649132,277593500
2025-03-17,119.22930908203125,122.58085727393843,117.73308248243704,255501500
2025-03-18,115.1396255493164,118.7205909220559,114.25186503478537,299686900
2025-03-19,117.224365234375,120.1469948780257,115.38899756160431,273426200
2025-03-20,118.23181915283203,119.89761619602571,116.17700382075364,248829700
2025-03-21,117.4039077758789,117.6931791575635,115.1296446207881,266498500
2025-03-24,121.1045913696289,121.91255134314885,119.03979124138472,228452500
2025-03-25,120.38638305664062,120.98487211685925,118.62083157726417,167447200
2025-03-26,113.47382354736328,118.5410383402261,112.42646191953317,293463300
2025-03-27,111.14968872070312,114.1620883069464,110.3816290692769,236902100
2025-03-28,109.39411926269531,112.58607411134861,108.79563010676111,229872500
2025-03-31,108.10734558105469,110.68085689880651,103.38924910871093,299212700
2025-04-01,109.8729019165039,109.92277156753886,106.20215922942107,222614000
2025-04-02,110.14221954345703,111.69830029652357,106.5213541109438,220601200
2025-04-03,101.54391479492188,105.36427425680411,101.344413349133,338769400
2025-04-04,94.07275390625,99.87811296890389,91.87829121020437,532273800
2025-04-07,97.39437103271484,101.49403230771996,86.40209687721266,611041300
2025-04-08,96.05774688720703,105.5837179566193,94.2223717079774,476243400
2025-04-09,114.04239654541016,114.8104562069238,97.28465510127192,612918300
2025-04-10,107.29939270019531,110.58111717003517,98.9005761841806,437812400
2025-04-11,110.65093994140625,111.26938298194372,107.20962195648086,313417300
2025-04-14,110.43150329589844,114.00249947758738,108.7956293956101,264705000
2025-04-15,111.9177474975586,113.33418114021705,110.22202704858428,228966900
2025-04-16,104.2271499633789,106.52136728458446,100.19731179816195,397016900
2025-04-17,101.23469543457031,104.20720246563869,99.79832299108041,292517500
2025-04-21,96.66622161865234,99.18985605733366,94.80092295909544,288501100
2025-04-22,98.64122009277344,99.55890380627321,97.03526978904827,241004800
2025-04-23,102.45162200927734,104.53636836662163,101.76335533667917,247526000
2025-04-24,106.16226196289062,106.2719858525715,102.85061415392688,220815000
2025-04-25,110.73075103759766,111.63845793071249,105.46403435389149,251064700
2025-04-28,108.45648193359375,110.09235573735528,105.75329251827114,207708500
2025-04-29,108.7457504272461,109.9227823722281,107.16973079396023,170444300
2025-04-30,108.64598846435547,108.64598846435547,103.81816809037464,235044600
2025-05-01,111.32923889160156,114.65086390129245,111.02002115064856,236121500
2025-05-02,114.21196746826172,115.10970497913567,113.08481279973248,190194800
2025-05-05,113.53369140625,114.38155175342443,112.3766132832151,133163200
2025-05-06,113.25438690185547,114.4513652140045,110.541227943435,158525600
2025-05-07,116.7655258178711,117.38396890879066,111.99755142427854,206758800
2025-05-08,117.07474517822266,118.38144728921775,115.55856464909375,198428100
2025-05-09,116.3565673828125,117.93259470484641,114.92018728068513,132972200
2025-05-12,122.6905746459961,122.6905746459961,119.97741600529791,225023300
2025-05-13,129.60313415527344,130.88989748886456,124.1568781333485,330430100
2025-05-14,134.99954223632812,135.099296769805,131.34874548490453,281180800
2025-05-15,134.49082946777344,135.95713281870513,132.32629004982778,226632600
2025-05-16,135.05938720703125,136.0070096021913,133.1242801768634,226542500
2025-05-19,135.22897338867188,135.5282065455698,132.05696494191162,193154600
2025-05-20,134.0419464111328,134.24144022899694,132.28636428496227,161514200
2025-05-21,131.46844482421875,137.0543482410567,130.26148202288624,270608700
2025-05-22,132.495849609375,133.9122755767364,131.21907084385478,187344000
2025-05-23,130.959716796875,132.3462194682512,128.8350854296202,198821300
2025-05-27,135.1591339111328,135.31873506532702,132.9746406768617,192953600
2025-05-28,134.4708709716797,136.904735369061,134.45091702175245,304021100
2025-05-29,138.83985900878906,143.12904506361895,137.56308016740775,369241900
2025-05-30,134.7900848388672,139.26878048564038,132.5856374053386,333170900
2025-06-02,137.03440856933594,137.7725372671851,135.05937854437917,197663100
2025-06-03,140.86474609375,141.64278269656361,137.60296789247522,225578800
2025-06-04,141.56298828125,142.03180718032695,139.18897047063936,167120800
2025-06-05,139.63783264160156,143.63773920540723,138.4807472006614,231397900
2025-06-06,141.36349487304688,142.9095987862069,141.15401644541944,153986200
2025-06-09,142.27120971679688,144.63524295526028,141.58294302195193,185114500
2025-06-10,143.5978546142578,143.92701105784593,141.17395971410352,155881900
2025-06-11,142.4805908203125,144.6353103750697,141.52293261104455,167694000
2025-06-12,144.64527893066406,144.64527893066406,141.50299102868564,162365000
2025-06-13,141.6226806640625,143.22874251056697,140.50542554352353,180820600
2025-06-16,144.33604431152344,145.82238955213242,142.84968384945327,183133700
2025-06-17,143.7674102783203,144.86472525299953,143.42824573031362,139108000
2025-06-18,145.1240997314453,145.2936820241915,142.7698725249477,161494100
2025-06-20,143.4980926513672,145.84233449814036,142.30101614416546,242956200
2025-06-23,143.81732177734375,144.4258301714446,141.6825573691225,154308900
2025-06-24,147.5381622314453,147.5980282297711,145.14403982802034,187566100
2025-06-25,153.93251037597656,154.07216728635598,148.8948611020321,269146500
2025-06-26,154.64076232910156,156.33660039378947,153.6232534017049,198145700
2025-06-27,157.3640899658203,158.32174817747665,154.880175871103,263234500
2025-06-30,157.603515625,158.2718747820143,155.57848281781088,194580300
2025-07-01,152.92498779296875,156.81544119896878,151.1194180014287,213143600
2025-07-02,156.8653106689453,157.21446053326332,152.59578228626097,171224100
2025-07-03,158.9501953125,160.58618269349765,157.3840439934681,143716100
2025-07-07,157.85289001464844,158.92026447090194,156.95508262544374,140139000
2025-07-08,159.60858154296875,159.82804456030718,158.0025195823342,138133000
2025-07-09,162.48153686523438,164.01776272716893,160.76574343834326,183656400
2025-07-10,163.6985626220703,164.0975779997467,161.214648514871,167704100
2025-07-11,164.5165557861328,167.4792915182188,163.07010595303956,193633300
2025-07-14,163.66864013671875,165.08516454052796,161.62365204151925,136975800
2025-07-15,170.28240966796875,171.97824787505814,168.78607915204378,230627400
2025-07-16,170.95077514648438,171.32985042878116,168.4868162544787,158831500
2025-07-17,172.57679748535156,173.73396348002274,170.41210769028996,160841100
2025-07-18,171.9882354736328,173.8237306114437,170.841039596405,146456400
2025-07-21,170.96075439453125,172.9558617527255,170.58167912560677,123126100
2025-07-22,166.62139892578125,170.97073381366536,164.17739532245605,193114300
2025-07-23,170.36221313476562,170.84103463039327,167.55908978070133,154082200
2025-07-24,173.31497192382812,173.4047480967394,170.88093864849802,128984600
2025-07-25,173.0755615234375,174.29257821699642,172.53688923976992,122316800
2025-07-28,176.31759643554688,176.56698483220254,173.5443986824528,140023500
2025-07-29,175.08062744140625,178.94117023690123,174.59183591750704,154077500
2025-07-30,178.83145141601562,179.4499298230835,175.60934208925488,174312200
2025-07-31,177.4348602294922,182.8515843840116,175.4996037416905,221685400
2025-08-01,173.29502868652344,176.1081221843386,170.47194991004753,204529000
2025-08-04,179.55967712402344,179.75918483209097,174.0930867713682,148174600
2025-08-05,177.82391357421875,179.81902093485988,175.46968627980374,156407600
2025-08-06,178.9810791015625,179.4599006050506,175.81883576850015,137192300
2025-08-07,180.32778930664062,183.43018196887525,178.3626072705472,151878400
2025-08-08,182.25306701660156,182.85160535497593,179.95869034811614,123396700
2025-08-11,181.61460876464844,183.39025298215157,179.80903915640334,138323200
2025-08-12,182.71192932128906,184.02869221788941,179.0209838780724,145485700
2025-08-13,181.14576721191406,183.51994981646104,178.9112567337155,179871700
2025-08-14,181.57470703125,182.57226061200618,179.02097229994772,129554000
2025-08-15,180.00856018066406,181.45500998578265,177.6044521364236,156602200
2025-08-18,181.56472778320312,182.49246055927404,180.14820347806383,132008000
2025-08-19,175.21031188964844,182.0535301239894,175.0606849397743,185229200
2025-08-20,174.9709014892578,175.56943975883806,168.38705663117767,215142700
2025-08-21,174.5519256591797,176.46722675550242,173.38478976711397,140040900
2025-08-22,177.55459594726562,178.15311905934888,170.78119751777692,172789400
2025-08-25,179.3701171875,181.46498591558236,176.13805314258047,163012800
2025-08-26,181.32533264160156,181.94381103857447,178.37256711704984,168688200
2025-08-27,181.15574645996094,182.04356858750407,178.6618623689453,235518900
2025-08-28,179.729248046875,184.01873199506826,175.97845161993425,281787800
2025-08-29,173.75387573242188,177.71416467354967,172.72639675993378,243257900
2025-09-02,170.36221313476562,171.9583050821389,166.81092453439402,231164900
2025-09-03,170.20262145996094,171.98825125424256,168.4668876205481,164424900
2025-09-04,171.24008178710938,171.43958949445846,168.9955858311417,141670100
2025-09-05,166.61143493652344,168.61651253460658,163.66865435915497,224441400
2025-09-08,167.89825439453125,170.54178073137314,166.9406114031506,163769100
2025-09-09,170.3422393798828,170.56170237945196,166.33208505275803,157548400
2025-09-10,176.8961944580078,178.85139113084074,175.04074401948455,226852000
2025-09-11,176.74656677246094,179.8491345673521,176.05821341780958,151159300
2025-09-12,177.39498901367188,178.1731234709029,176.02825318201792,124911000
2025-09-15,177.32516479492188,178.4225418052247,174.0929031464731,147061600
2025-09-16,174.46202087402344,177.0757538913052,173.96321593348455,140737800
2025-09-17,169.8829803466797,172.78602876073558,168.00748411706098,211843800
2025-09-18,175.81878662109375,176.67673180432445,172.54662713675344,191763300
2025-09-19,176.2477264404297,177.65435995090164,174.76128231706025,237182100
2025-09-22,183.17115783691406,184.10891359634738,174.2924356467209,269637000
2025-09-23,178.0035400390625,181.98400930831284,175.78885990523673,192559600
2025-09-24,176.54701232910156,179.35029350783142,174.9807575937583,143564100
2025-09-25,177.26531982421875,179.82916955782613,172.71622074990066,191586700
2025-09-26,177.7641143798828,179.3403398828169,174.51189629291883,148573700
2025-09-29,181.41537475585938,183.56023005067578,179.88903275637574,193063500
2025-09-30,186.13404846191406,186.9022123120565,181.04623211551163,236981000
2025-10-01,186.79248046875,187.6903232769056,183.46045188172369,173844900
2025-10-02,188.43853759765625,190.59337868298996,187.6105195355423,136805800
2025-10-03,187.17156982421875,189.90502650703218,184.93693332773543,137596900
2025-10-06,185.09654235839844,186.78250559975277,182.8918329061041,157678100
2025-10-07,184.5977325439453,188.6081286768816,183.56022492696124,140088000
2025-10-08,188.6580047607422,189.14683908131633,186.09414006589398,130168900
2025-10-09,192.1097412109375,194.83321191134357,190.60334055524348,182997200
2025-10-10,182.7222442626953,195.15245586263575,181.61489659616785,268774400
2025-10-13,187.86990356445312,189.65561858658472,185.51554359294212,153482800
2025-10-14,179.59970092773438,184.35830419700528,179.27048784899807,205641400
2025-10-15,179.4001922607422,184.42813951825556,176.86625456034105,214450500
2025-10-16,181.37545776367188,182.84194556906473,179.34034021746592,179723300
2025-10-17,182.78208923339844,183.65999082680747,179.3203816221287,173135200
2025-10-20,182.20347595214844,184.75735492260156,181.2956472677441,128544700
2025-10-21,180.7270050048828,182.35309871753384,179.37025499304198,124240200
2025-10-22,179.84910583496094,183.00155667206866,176.33751483638122,162249600
2025-10-23,181.72462463378906,182.59254038327154,179.3602787988416,111363700
2025-10-24,185.81480407714844,187.0219186862977,183.06140638753934,131296700
2025-10-27,191.03231811523438,191.54109366524804,187.97961914819697,153452700
2025-10-28,200.54953002929688,202.6644582837766,191.45133202040452,297986200
2025-10-29,206.545166015625,211.6828666070652,204.29057291407037,308829600
2025-10-30,202.4050750732422,205.66726375798942,200.9286166610889,178864400
2025-10-31,202.00604248046875,207.4729406961805,201.5870481318289,179802200
2025-11-03,206.38552856445312,210.83485992622803,205.068676268978,180267300
2025-11-04,198.21510314941406,203.48248192945988,197.4569099225941,188919300
2025-11-05,194.74343872070312,202.43500266122365,194.18476438007542,171350300
2025-11-06,187.63047790527344,197.1476699621838,185.9345440647224,223029800
2025-11-07,187.7003173828125,187.86992448023628,178.48241062826605,264942300
2025-11-10,198.5742645263672,199.46213677715232,193.32682642239038,198897100
2025-11-11,192.69833374023438,194.9529266552934,190.84277869998112,176483300
2025-11-12,193.33680725097656,195.4218083488666,190.673190567689,154935300
2025-11-13,186.4133758544922,190.98243076168436,183.4105757073767,207423100
2025-11-14,189.71546936035156,190.55345800755302,180.14839424900484,186591900
2025-11-17,186.1540069580078,188.54826454585316,183.8794576828592,173628900
2025-11-18,180.92652893066406,184.35830936263392,179.22060933347112,213598900
2025-11-19,186.07420349121094,187.41099710874653,182.39302051116815,247246400
2025-11-20,180.208251953125,195.53154064523628,179.42014682895694,343504800
2025-11-21,178.4524688720703,184.11888595894638,172.51667761994415,346926200
2025-11-24,182.1136932373047,183.06141961318156,176.0581937395723,256618300
2025-11-25,177.39498901367188,177.73417270583553,169.14475137656873,320600300
2025-11-26,179.82916259765625,182.47283807635972,177.81400147563977,183852000
2025-11-28,176.5769500732422,178.86147001761242,176.07814512953246,121332800
2025-12-01,179.489990234375,179.8690869073362,173.26489832447646,188131000
2025-12-02,181.0262908935547,185.21624923794855,179.56977380817938,182632200
2025-12-03,179.1607666015625,182.01393165685582,178.68191808959097,165138000
2025-12-04,182.951904296875,184.08924235816875,179.53989011299373,167364900
2025-12-05,181.98416137695312,184.22890867632069,180.48766317737477,143971100
2025-12-08,185.11683654785156,187.56111397793046,181.9741810893209,204378100
2025-12-09,184.53817749023438,185.2864265695677,182.89203560496765,144719700
2025-12-10,183.35096740722656,185.0469957406681,181.61502392815055,162785400
2025-12-11,180.50759887695312,180.89670300875093,176.20766331092784,182136600
2025-12-12,174.6114044189453,182.39319766595756,174.21232912082112,204274900
2025-12-15,175.87843322753906,178.0034654802094,174.6213802569945,164775600
2025-12-16,177.30511474609375,178.07332144734244,174.4916907151964,148588100
2025-12-17,170.5409393310547,175.71882560019336,169.91240520818417,222775500
2025-12-18,173.73345947265625,175.7387615308714,171.41888356310693,176096000
2025-12-19,180.56747436523438,181.0263919449467,175.92832091222974,324925900
2025-12-22,183.26116943359375,183.73007341419415,181.9243013805983,129064400
2025-12-23,188.76828002929688,188.88799500778453,182.47299846788633,174873600
2025-12-24,188.169677734375,188.4689804086018,186.154389299292,65528500
2025-12-26,190.085205078125,192.240166195598,187.5611125998212,139740300
2025-12-29,187.7805938720703,188.31932652162573,185.47598909796272,120006100
2025-12-30,187.1021728515625,188.5487999407664,186.49359631469858,97687300
2025-12-31,186.0646209716797,190.11514057964584,186.0546497967401,120100500
2026-01-02,188.4091339111328,192.47959571470966,187.8204997023152,148240500
2026-01-05,187.6808319091797,193.1779786425506,185.7154296257417,183529700
2026-01-06,186.80288696289062,191.72137039337454,186.3838692947835,176862600
2026-01-07,188.66851806640625,190.9232365533545,186.12446806753155,153543200
2026-01-08,184.60801696777344,189.10749810453436,183.28113525242415,172457000
2026-01-09,184.42843627929688,185.9049768874807,183.2412119543349,131327500
2026-01-12,184.5082550048828,186.6831584288149,182.59273912358015,137968500
2026-01-13,185.376220703125,187.6708543554723,182.97184323887342,160128900
2026-01-14,182.71243286132812,184.02935843961012,180.3778995796448,159586100
2026-01-15,186.6133270263672,189.25713440169068,185.895006678512,206188600
2026-01-16,185.79522705078125,189.99540517049002,185.6455833269296,187967200
2026-01-20,177.65428161621094,181.95421697054311,177.19534884297914,223345300
2026-01-21,182.8920440673828,184.94723253133864,177.9835164834521,200381000
2026-01-22,184.40847778320312,185.7353746560278,183.5005985718231,139636600
2026-01-23,187.23187255859375,189.15737478680413,186.38386606278428,142748100
2026-01-26,186.03468322753906,188.6784906596197,185.55580805974404,124799600
2026-01-27,188.07989501953125,189.55643562401056,185.2664711415707,143711600
2026-01-28,191.07289123535156,191.9009553855833,189.3968053634026,148552700
2026-01-29,192.06057739257812,193.0283141326731,185.62563804704834,171764400
2026-01-30,190.68380737304688,194.0359639826301,189.0276790286862,179489500
2026-02-02,185.17669677734375,189.8557504766133,184.4484052141589,165794100
2026-02-03,179.91897583007812,185.8351396091497,175.81857039871747,204019600
2026-02-04,173.78334045410156,179.16075641282603,171.50866453387607,207014100
2026-02-05,171.47872924804688,176.40719862825284,170.6307075914073,206312900
2026-02-06,184.97714233398438,186.56342663955238,174.1923819783884,231346200
2026-02-09,189.59634399414062,193.20790343822367,183.52056478242866,196387400
2026-02-10,188.09983825683594,192.0306425866914,187.6808205923615,136764800
2026-02-11,189.6063232421875,192.80882083578368,188.329312674443,144192700
2026-02-12,186.5035858154297,193.1580126884611,186.07458174632154,189932500
2026-02-13,182.3832244873047,187.0622780376601,181.16607138035295,161888000
2026-02-17,184.53817749023438,186.71308084037668,178.76168607280786,162276900
2026-02-18,187.5411376953125,189.92555739322245,186.3239846890322,164749100
2026-02-19,187.46133422851562,187.9900957055448,185.22657333636724,126554500
2026-02-20,189.3768768310547,189.88568076730476,185.50592973146237,178422300
2026-02-23,191.1028289794922,193.49722008283115,189.13742673270812,171584800
2026-02-24,192.39979553222656,193.31764595479845,186.96250644177093,175123600
2026-02-25,195.10345458984375,197.16862939564908,193.33758246616242,250637100
2026-02-26,184.45835876464844,193.8364076167612,183.88969739169633,360807900
2026-02-27,176.77635192871094,182.16373952566906,175.96824531148394,311636500
2026-03-02,182.0540008544922,183.0317240302905,174.23230678711255,209095300
2026-03-03,179.62965393066406,180.47766036606842,176.50695643346228,178099400
2026-03-04,182.61268615722656,184.26881453838726,179.63964723402094,177731200
2026-03-05,182.9119873046875,183.6303076754259,177.4647422536165,198779700
2026-03-06,177.40487670898438,182.3333312190456,176.40721126414203,189021900
2026-03-09,182.2235870361328,182.48298979408452,175.1501427003192,177213600
2026-03-10,184.33865356445312,186.00475307627937,181.5850871183009,179118500
2026-03-11,185.60574340820312,187.1921136401388,184.02934488988058,145280400
2026-03-12,182.72235107421875,184.51824924312825,181.33552155955923,155762700
2026-03-13,179.83892822265625,185.6656060713691,179.5296376335348,160988400
2026-03-16,182.8021697998047,188.44926587891726,180.9962999229416,217307400
2026-03-17,181.5150909423828,184.97717862722422,181.26566108165355,182497800
2026-03-18,179.98858642578125,182.96180140975886,179.91875397930713,156683100
2026-03-19,178.1527862548828,179.56954607641802,175.38909905828712,170968500
2026-03-20,172.30613708496094,177.85345450506617,171.32837633709812,241323500
2026-03-23,175.23944091796875,177.96321071223454,174.36144294367455,182836300
2026-03-24,174.80044555664062,175.81812366395545,173.58322660302642,147667800
2026-03-25,178.2725067138672,180.8067226806179,176.44669348987364,162602100
2026-03-26,170.8494873046875,176.10745794358192,170.74970926821888,186152200
2026-03-27,167.13795471191406,170.58008352629554,166.62910808502988,196212700
2026-03-30,164.79331970214844,169.0635577295173,163.89537828689438,185627000
2026-03-31,174.0022735595703,174.22177306603788,166.57925331681818,226181300
2026-04-01,175.3491973876953,176.96549806235143,174.3514779146501,168132000
2026-04-02,176.98544311523438,177.0852211444685,170.9791680862979,143143200
2026-04-06,177.23487854003906,177.3845303646084,175.35916114415525,107564300
2026-04-07,177.69383239746094,177.8235255680002,173.26395579650787,132534900
2026-04-08,181.66476440429688,184.83750503722598,179.8888249511496,147732700
2026-04-09,183.49058532714844,183.6601958045732,180.20807985372045,116428500
2026-04-10,188.1998291015625,189.56669990817062,183.87970195572368,160459500
2026-04-13,188.87826538085938,189.2274732756209,185.3164148846483,133648200
2026-04-14,196.0618438720703,196.0618438720703,190.33494396561244,161307000
2026-04-15,198.41647338867188,199.94298301571828,195.2936216855987,185338400
2026-04-16,197.8976593017578,199.39423847906178,195.36344336942167,134012900
2026-04-17,201.2200469970703,201.2400056483541,198.8155547450397,160324400
2026-04-20,201.59918212890625,201.70893187328167,197.38880498867078,119381400
2026-04-21,199.42417907714844,202.28762917830338,198.54618104306965,107945300
2026-04-22,202.03819274902344,202.03819274902344,198.54617460274403,107501000
2026-04-23,199.18470764160156,203.3651545152774,196.77022843278436,113561800
2026-04-24,207.79502868652344,210.46890943516505,199.35431566144254,214134400
2026-04-27,216.1160125732422,216.33551207209098,206.90706623150768,187172400
2026-04-28,212.68385314941406,214.2402930542568,207.72518626919629,180275400
2026-04-29,208.77279663085938,212.23488436877426,207.10660696252424,123711800
2026-04-30,199.11488342285156,209.82040915320695,198.24685712515335,225239200
2026-05-01,197.99742126464844,202.5370477944956,196.67045257290908,128647000
2026-05-04,198.02734375,201.2699318245734,194.29588290907526,125368100
2026-05-05,196.05186462402344,199.7833407086998,195.58293528206713,113406600
2026-05-06,207.3560333251953,207.7950323152332,198.15705885791613,188362800
2026-05-07,211.01766967773438,213.7115092245668,206.02907228582575,168307900
2026-05-08,214.709228515625,217.30330524675068,212.40449895841255,136421400
2026-05-11,218.93955993652344,221.79303819063418,213.40221390900197,160685800
2026-05-12,220.27650451660156,223.23973257586303,214.42986778297353,159176600
2026-05-13,225.3149871826172,227.32039781394542,221.0647077692387,150405400
2026-05-14,235.202392578125,236.00055597235212,228.77707677625682,180782900
2026-05-15,224.80616760253906,230.9720668751014,223.7286287034134,180977600
2026-05-18,221.81300354003906,229.4754818886306,217.8719993892805,146280900
2026-05-19,220.1068878173828,223.96805720569674,217.41304835521052,140948200
2026-05-20,222.9603729248047,225.61431038954527,219.9971448577806,184201600
2026-05-21,219.0093994140625,226.8814055684356,217.43300079554024,203381800
2026-05-22,214.83892822265625,220.50596731800164,214.3101381389001,169275700
2026-05-26,214.37001037597656,217.68243116855118,211.5165320236786,187202600
2026-05-27,212.1151580810547,213.66161102691768,208.30386252985457,167601200
2026-05-28,213.76138305664062,215.02849096688144,210.73829446983814,143996000
2026-05-29,210.6584930419922,217.36316924965476,210.64852132770383,289410600
2026-06-01,223.8483428955078,224.35717434911126,215.20808855445495,212850700
2026-06-02,222.3118438720703,231.75026086454594,220.84519513709748,193362900
2026-06-03,214.26025390625,222.31185725112735,214.02079575535723,160907000
2026-06-04,218.4156036376953,221.35231998810906,210.73419644348996,169022200
2026-06-05,204.87075805664062,214.62982678346356,204.10161444712602,219655500
2026-06-08,208.40679931640625,210.23475572682116,205.76975069388217,138372800
2026-06-09,207.95730590820312,211.16370951624515,199.11719156565087,180962500
2026-06-10,200.19598388671875,206.98838641050182,199.696542748819,161746600
2026-06-11,204.64100646972656,205.43013200106668,199.31696212361035,158643200
2026-06-12,204.96066284179688,206.83856645475237,203.21261880599855,112001800
2026-06-15,212.21253967285156,212.47225882321928,208.10713284720606,149936700
2026-06-16,207.1781768798828,211.25361840198772,207.05830064217733,125694100
2026-06-17,204.42124938964844,208.9761653200819,202.8530121596522,128363500
2026-06-18,210.4545135498047,211.1537281092123,206.26919428756833,241272000
2026-06-22,208.41677856445312,213.7508214450341,207.48782537372824,122041400
2026-06-23,199.81640625,203.54224815949766,199.77645766483005,153496200
2026-06-24,198.77757263183594,201.44458647582786,196.36027935647695,151810700
2026-06-25,195.52122497558594,200.5755669254449,191.9152592982058,149550000
2026-06-26,192.31480407714844,195.33143282930595,191.0062707295152,179304100
2026-06-29,194.7520751953125,195.96071419295149,189.58785574691487,148835700
2026-06-30,199.86634826660156,200.4057532237791,194.89191886651452,166476700
2026-07-01,197.35916137695312,199.62662840490702,193.23377271109229,146147600
2026-07-02,194.61224365234375,199.8363939026278,192.1350197738411,142068700
2026-07-06,195.33143615722656,197.32920075051607,193.77318221313826,108999000
2026-07-07,196.7098846435547,198.18824142626735,190.92636281467173,124154600
2026-07-08,203.891845703125,204.93069180759116,194.84197470333905,147419100
2026-07-09,202.5533447265625,204.36131918975943,198.73762239526957,132037400
2026-07-10,210.72421264648438,210.7641612313501,201.69430829342895,148421000
2026-07-13,203.30250549316406,210.33464515051216,202.77309911383117,121411000
2026-07-14,211.5632781982422,212.31243993744155,203.57221964678251,124379600
2026-07-15,212.26248168945312,213.57101502024952,205.80969553973085,124797200
2026-07-16,207.16818237304688,210.84407715298516,205.61992700554663,122986100
2026-07-17,202.58331298828125,206.41901728963356,197.74872640584337,144281900
2026-07-20,203.05279541015625,207.50781723343968,202.05391309694542,88701500
2026-07-21,207.0583038330078,208.4167843613107,203.78197113093626,108685600
2026-07-22,211.82298278808594,214.15038042761168,204.72092886821054,137645600
2026-07-23,208.5266571044922,210.63429930291466,205.72979894313582,110505300
2026-07-24,206.6088104248047,211.6731509810223,204.5810805834776,114836800
2026-07-27,196.2903594970703,208.51668459839084,195.22156333884286,154353700
2026-07-28,196.789794921875,198.47790843456414,192.52457850774027,134111500
2026-07-29,189.79762268066406,196.84974460884015,189.79762268066406,147680800
2026-07-30,194.82199096679688,197.02952748682713,191.3059363552755,129010200
2026-07-31,200.52561950683594,201.77422236802423,194.73209918257555,139961200
2026-08-03,206.40904235839844,208.50670133078404,196.62999113475112,128406900
2026-08-04,211.70310974121094,212.82185300096492,208.8163406042335,134922000
2026-08-05,218.9749755859375,221.9716224388697,216.15812022814887,158187400
2026-08-06,218.7452392578125,223.38005249670454,216.75745800384053,113940600
2026-08-07,223.70968627929688,224.50877992471257,220.41337164588714,105669400
2026-08-10,217.3068389892578,223.88946943306019,216.5277120448001,115846600
2026-08-11,217.25689697265625,221.9516406634887,215.95834695389817,101273100
2026-08-12,223.8395233154297,224.84840415873398,219.95387191061064,108783600
2026-08-13,225.04818725585938,226.97602279610956,223.45996804263754,98867200
2026-08-14,224.90834045410156,227.23573802273873,224.24907448357243,75680900
2026-08-17,224.7584991455078,227.66525027466162,224.60867289832842,93678700
2026-08-18,219.49440002441406,221.39227027986857,218.44557057093272,103128200
2026-08-19,217.31683349609375,222.62089613745684,216.51772459764655,96797300
2026-08-20,216.60763549804688,219.6142657707553,215.41896310784705,92457000
2026-08-21,214.48001098632812,218.49552214328025,214.26025565862156,98869300
2026-08-24,208.24697875976562,215.34903256074918,207.01835779182306,135187300
2026-08-25,212.81187438964844,214.48998931653267,209.87515802586688,122309000
2026-08-26,209.4256591796875,213.3612577394914,208.99613188036045,179900000
2026-08-27,227.7251739501953,230.21239627098788,220.6530857022795,298909800
2026-08-28,217.3068389892578,229.00374173344596,216.56766062888835,195116400
2026-08-31,220.53323364257812,221.05265670783686,215.96834944345454,124702700
2026-09-01,217.1969757080078,220.1636574397174,214.8595947199138,109756200
2026-09-02,224.1591796875,227.6952163087265,218.23579974693772,157104700
2026-09-03,228.1946563720703,230.14247379152744,224.49879494304554,134681600
2026-09-04,230.10252380371094,234.49759976142684,229.37334400327853,135352400
2026-09-08,225.47769165039062,233.44878317831424,224.59868561283858,122965600
2026-09-09,223.4199981689453,225.92718720955042,223.21024142511232,82955500
2026-09-10,218.36000061035156,220.99000549316406,217.1999969482422,105768000
2026-09-11,218.2899932861328,222.0,218.14999389648438,88804100
